symbol,date,entry_time,exit_time,action,entry,stop_loss,target,range_width,rr,shares,gross_pnl,commission,net_pnl,exit_reason,capital_after
SPY,2026-01-29,2026-01-29 10:00:00-05:00,2026-01-29 13:20:00-05:00,SHORT,690.61,697.3395,679.43,5.59,1.66,148,-2.96,1.48,-4.44,window_close,99995.56
SPY,2026-01-30,2026-01-30 10:11:00-05:00,2026-01-30 10:30:00-05:00,LONG,693.82,691.0976,698.796,2.488,1.83,367,-1006.46,3.67,-1010.13,stop_loss,98985.43
QQQ,2026-01-30,2026-01-30 10:29:00-05:00,2026-01-30 13:49:00-05:00,SHORT,624.74,628.4173,618.288,3.226,1.75,267,747.6,2.67,744.93,window_close,98942.22
QQQ,2026-02-02,2026-02-02 10:05:00-05:00,2026-02-02 13:25:00-05:00,LONG,625.25,618.3475,637.75,6.25,1.81,143,364.65,1.43,363.22,window_close,99305.44
SPY,2026-02-02,2026-02-02 10:05:00-05:00,2026-02-02 13:25:00-05:00,LONG,694.09,689.2043,702.92,4.415,1.81,202,420.16,2.02,418.14,window_close,99403.57
SPY,2026-02-03,2026-02-03 10:00:00-05:00,2026-02-03 13:20:00-05:00,SHORT,692.955,697.141,685.715,3.62,1.73,237,1439.78,2.37,1437.41,window_close,100840.97
SPY,2026-02-04,2026-02-04 10:00:00-05:00,2026-02-04 13:20:00-05:00,SHORT,687.26,691.631,680.02,3.62,1.66,230,1081.0,2.3,1078.7,window_close,101919.67
QQQ,2026-02-04,2026-02-04 10:00:00-05:00,2026-02-04 13:20:00-05:00,SHORT,609.4,615.3445,599.6202,4.8899,1.65,167,1284.23,1.67,1282.56,window_close,100588.0
SPY,2026-02-05,2026-02-05 10:06:00-05:00,2026-02-05 13:26:00-05:00,SHORT,678.63,683.937,668.75,4.94,1.86,192,-134.4,1.92,-136.32,window_close,101783.35
SPY,2026-02-06,2026-02-06 10:42:00-05:00,2026-02-06 14:02:00-05:00,LONG,686.57,680.567,697.89,5.66,1.89,169,457.99,1.69,456.3,window_close,102239.65
SPY,2026-02-09,2026-02-09 10:06:00-05:00,2026-02-09 13:26:00-05:00,LONG,691.7,688.1753,698.29,3.295,1.87,290,736.6,2.9,733.7,window_close,102973.35
QQQ,2026-02-09,2026-02-09 10:06:00-05:00,2026-02-09 13:26:00-05:00,LONG,610.9102,604.7885,622.1702,5.63,1.84,164,564.13,1.64,562.49,window_close,101150.49
SPY,2026-02-10,2026-02-10 10:06:00-05:00,2026-02-10 13:26:00-05:00,LONG,696.27,693.3197,701.68,2.705,1.83,349,-848.07,3.49,-851.56,window_close,102121.79
QQQ,2026-02-10,2026-02-10 10:06:00-05:00,2026-02-10 13:26:00-05:00,LONG,616.78,612.213,624.26,3.74,1.64,221,-672.94,2.21,-675.15,window_close,100475.34
SPY,2026-02-11,2026-02-11 10:02:00-05:00,2026-02-11 13:22:00-05:00,SHORT,693.54,697.3067,686.87,3.335,1.77,271,364.5,2.71,361.79,window_close,102483.58
QQQ,2026-02-11,2026-02-11 10:02:00-05:00,2026-02-11 13:22:00-05:00,SHORT,613.05,617.731,604.61,4.22,1.8,214,181.9,2.14,179.76,window_close,100655.1
SPY,2026-02-12,2026-02-12 10:08:00-05:00,2026-02-12 11:12:00-05:00,SHORT,692.22,695.5015,686.16,3.03,1.85,312,1890.72,3.12,1887.6,target,104371.18
QQQ,2026-02-12,2026-02-12 10:08:00-05:00,2026-02-12 13:28:00-05:00,SHORT,610.64,616.0575,600.74,4.95,1.83,185,1613.2,1.85,1611.35,window_close,102266.45
SPY,2026-02-13,2026-02-13 10:30:00-05:00,2026-02-13 13:50:00-05:00,LONG,683.85,677.23,695.45,5.8,1.75,157,160.14,1.57,158.57,window_close,104529.75
SPY,2026-02-17,2026-02-17 10:33:00-05:00,2026-02-17 11:23:00-05:00,SHORT,676.24,683.117,663.56,6.34,1.84,151,-1041.45,1.51,-1042.96,stop_loss,103486.79
SPY,2026-02-18,2026-02-18 10:00:00-05:00,2026-02-18 13:20:00-05:00,LONG,686.46,682.6525,693.56,3.55,1.86,271,537.94,2.71,535.23,window_close,104022.02
QQQ,2026-02-18,2026-02-18 10:01:00-05:00,2026-02-18 13:21:00-05:00,LONG,605.95,600.4715,615.89,4.97,1.81,186,487.32,1.86,485.46,window_close,102751.91
QQQ,2026-02-19,2026-02-19 10:03:00-05:00,2026-02-19 13:20:00-05:00,LONG,605.42,600.9005,613.0,3.79,1.68,227,-1030.47,2.27,-1032.74,stop_loss,101719.17
SPY,2026-02-19,2026-02-19 10:03:00-05:00,2026-02-19 12:53:00-05:00,LONG,686.07,682.3025,692.77,3.35,1.78,276,-1045.35,2.76,-1048.11,stop_loss,102973.91
SPY,2026-02-20,2026-02-20 10:00:00-05:00,2026-02-20 13:20:00-05:00,LONG,685.5,681.549,692.74,3.62,1.83,260,241.8,2.6,239.2,window_close,103213.11
SPY,2026-02-23,2026-02-23 10:03:00-05:00,2026-02-23 13:23:00-05:00,SHORT,686.18,690.185,678.78,3.7,1.85,257,629.65,2.57,627.08,window_close,103840.19
QQQ,2026-02-23,2026-02-23 10:05:00-05:00,2026-02-23 13:25:00-05:00,SHORT,603.47,608.231,594.63,4.42,1.86,213,214.06,2.13,211.93,window_close,101931.1
SPY,2026-02-24,2026-02-24 10:26:00-05:00,2026-02-24 13:46:00-05:00,LONG,685.74,679.727,696.66,5.46,1.82,172,333.68,1.72,331.96,window_close,104172.15
SPY,2026-02-25,2026-02-25 11:46:00-05:00,2026-02-25 15:06:00-05:00,LONG,692.08,690.0055,695.86,1.89,1.82,502,517.06,5.02,512.04,window_close,104684.19
QQQ,2026-02-25,2026-02-25 12:56:00-05:00,2026-02-25 16:16:00-05:00,LONG,615.66,610.767,624.9798,4.6599,1.9,208,252.72,2.08,250.64,window_close,102181.74
QQQ,2026-02-26,2026-02-26 10:00:00-05:00,2026-02-26 13:20:00-05:00,SHORT,611.55,615.783,603.8314,3.8593,1.82,241,1436.36,2.41,1433.95,window_close,103615.69
SPY,2026-02-26,2026-02-26 10:00:00-05:00,2026-02-26 10:34:00-05:00,SHORT,690.39,693.465,684.59,2.9,1.89,340,1972.0,3.4,1968.6,target,106652.79
QQQ,2026-02-27,2026-02-27 10:05:00-05:00,2026-02-27 13:25:00-05:00,LONG,606.095,602.0018,613.625,3.765,1.84,253,-398.48,2.53,-401.01,window_close,103214.69
SPY,2026-02-27,2026-02-27 10:05:00-05:00,2026-02-27 13:25:00-05:00,LONG,684.32,681.5095,689.54,2.61,1.86,379,-437.75,3.79,-441.54,window_close,106211.25
SPY,2026-03-02,2026-03-02 10:01:00-05:00,2026-03-02 13:21:00-05:00,LONG,683.4,677.7525,694.1,5.35,1.89,188,554.6,1.88,552.72,window_close,106763.97
QQQ,2026-03-03,2026-03-03 10:02:00-05:00,2026-03-03 11:45:00-05:00,SHORT,594.9,599.6095,586.12,4.39,1.86,219,-1035.76,2.19,-1037.95,stop_loss,102176.74
SPY,2026-03-03,2026-03-03 10:08:00-05:00,2026-03-03 11:45:00-05:00,SHORT,671.91,677.3575,661.61,5.15,1.89,195,-1066.16,1.95,-1068.11,stop_loss,105695.86
QQQ,2026-03-04,2026-03-04 10:01:00-05:00,2026-03-04 13:21:00-05:00,LONG,606.97,603.255,613.97,3.5,1.88,275,1196.25,2.75,1193.5,window_close,103370.24
SPY,2026-03-04,2026-03-04 10:13:00-05:00,2026-03-04 13:33:00-05:00,LONG,683.72,679.4251,691.516,3.898,1.82,246,678.96,2.46,676.5,window_close,106372.36
QQQ,2026-03-05,2026-03-05 10:00:00-05:00,2026-03-05 10:30:00-05:00,LONG,612.69,607.125,622.49,4.9,1.76,185,-1033.23,1.85,-1035.08,stop_loss,102335.16
SPY,2026-03-05,2026-03-05 10:00:00-05:00,2026-03-05 10:22:00-05:00,LONG,685.49,681.6874,691.9924,3.2512,1.71,279,-1066.51,2.79,-1069.3,stop_loss,105303.06
QQQ,2026-03-06,2026-03-06 10:02:00-05:00,2026-03-06 13:22:00-05:00,LONG,602.35,598.381,608.71,3.18,1.6,257,508.86,2.57,506.29,window_close,102841.45
SPY,2026-03-06,2026-03-06 10:25:00-05:00,2026-03-06 13:45:00-05:00,LONG,674.07,669.545,682.67,4.3,1.9,232,118.3,2.32,115.98,window_close,105419.04
SPY,2026-03-09,2026-03-09 10:11:00-04:00,2026-03-09 10:52:00-04:00,SHORT,662.58,667.8765,652.72,4.93,1.86,199,-1057.98,1.99,-1059.97,stop_loss,104359.07
QQQ,2026-03-09,2026-03-09 10:44:00-04:00,2026-03-09 14:04:00-04:00,LONG,596.7,591.073,606.98,5.14,1.83,182,371.28,1.82,369.46,window_close,103210.91
QQQ,2026-03-10,2026-03-10 10:00:00-04:00,2026-03-10 10:39:00-04:00,SHORT,606.32,610.131,599.88,3.22,1.69,270,-1034.37,2.7,-1037.07,stop_loss,102173.84
SPY,2026-03-10,2026-03-10 10:00:00-04:00,2026-03-10 10:34:00-04:00,SHORT,675.16,678.9497,668.57,3.295,1.74,275,-1047.67,2.75,-1050.42,stop_loss,103308.65
QQQ,2026-03-11,2026-03-11 10:00:00-04:00,2026-03-11 10:25:00-04:00,LONG,612.27,608.3196,617.128,2.429,1.23,258,-1024.36,2.58,-1026.94,stop_loss,101146.9
SPY,2026-03-11,2026-03-11 10:00:00-04:00,2026-03-11 10:25:00-04:00,LONG,679.72,676.0115,684.46,2.37,1.28,278,-1036.52,2.78,-1039.3,stop_loss,102269.35
SPY,2026-03-12,2026-03-12 10:29:00-04:00,2026-03-12 13:49:00-04:00,SHORT,668.06,671.8234,661.126,3.467,1.84,271,-51.49,2.71,-54.2,window_close,102215.15
QQQ,2026-03-12,2026-03-12 10:29:00-04:00,2026-03-12 13:49:00-04:00,SHORT,598.89,604.3855,589.07,4.91,1.79,184,-48.76,1.84,-50.6,window_close,101096.3
SPY,2026-03-13,2026-03-13 10:11:00-04:00,2026-03-13 13:31:00-04:00,SHORT,668.9341,672.5038,662.1841,3.375,1.89,286,1414.01,2.86,1411.15,window_close,103626.3
QQQ,2026-03-13,2026-03-13 10:43:00-04:00,2026-03-13 14:03:00-04:00,SHORT,598.843,603.8334,589.5032,4.6699,1.87,202,1113.93,2.02,1111.91,window_close,102208.21
QQQ,2026-03-16,2026-03-16 10:08:00-04:00,2026-03-16 13:28:00-04:00,LONG,602.18,599.09,607.78,2.8,1.81,330,-310.2,3.3,-313.5,window_close,101894.71
SPY,2026-03-16,2026-03-16 10:08:00-04:00,2026-03-16 12:24:00-04:00,LONG,671.03,667.5295,677.45,3.21,1.83,296,-1042.07,2.96,-1045.03,stop_loss,102581.27
SPY,2026-03-17,2026-03-17 10:17:00-04:00,2026-03-17 13:37:00-04:00,SHORT,671.61,674.5665,666.55,2.53,1.71,346,-110.72,3.46,-114.18,window_close,102467.09
QQQ,2026-03-17,2026-03-17 11:36:00-04:00,2026-03-17 14:56:00-04:00,SHORT,602.05,606.081,594.81,3.62,1.8,252,-254.52,2.52,-257.04,window_close,101637.67
SPY,2026-03-18,2026-03-18 10:13:00-04:00,2026-03-18 13:33:00-04:00,SHORT,667.27,669.812,663.59,1.84,1.45,403,596.44,4.03,592.41,window_close,103059.5
QQQ,2026-03-18,2026-03-18 10:13:00-04:00,2026-03-18 13:33:00-04:00,SHORT,600.8,603.2715,596.34,2.23,1.8,411,659.86,4.11,655.75,window_close,102293.42
QQQ,2026-03-19,2026-03-19 10:00:00-04:00,2026-03-19 13:20:00-04:00,LONG,591.93,586.846,601.29,4.68,1.84,201,-512.55,2.01,-514.56,window_close,101778.86
SPY,2026-03-19,2026-03-19 10:00:00-04:00,2026-03-19 13:20:00-04:00,LONG,659.17,654.9805,666.75,3.79,1.81,245,-607.6,2.45,-610.05,window_close,102449.45
SPY,2026-03-20,2026-03-20 10:00:00-04:00,2026-03-20 13:20:00-04:00,SHORT,652.97,656.8745,645.59,3.69,1.89,262,186.02,2.62,183.4,window_close,102632.85
QQQ,2026-03-20,2026-03-20 10:00:00-04:00,2026-03-20 13:20:00-04:00,SHORT,586.15,591.4205,576.13,5.01,1.9,193,169.84,1.93,167.91,window_close,101946.77
SPY,2026-03-23,2026-03-23 10:01:00-04:00,2026-03-23 11:59:00-04:00,LONG,660.39,655.861,668.75,4.18,1.85,226,-1028.07,2.26,-1030.33,stop_loss,101602.52
QQQ,2026-03-23,2026-03-23 10:02:00-04:00,2026-03-23 11:55:00-04:00,LONG,593.21,588.7926,601.548,4.169,1.89,230,-1020.6,2.3,-1022.9,stop_loss,100923.87
SPY,2026-03-24,2026-03-24 10:07:00-04:00,2026-03-24 13:27:00-04:00,LONG,653.25,649.722,659.57,3.16,1.79,287,-57.4,2.87,-60.27,window_close,101542.25
QQQ,2026-03-24,2026-03-24 10:56:00-04:00,2026-03-24 14:16:00-04:00,LONG,586.4,581.7125,595.1,4.35,1.86,215,-475.15,2.15,-477.3,window_close,100446.57
SPY,2026-03-25,2026-03-25 10:00:00-04:00,2026-03-25 13:20:00-04:00,SHORT,656.0,661.1135,647.06,4.47,1.75,198,-278.19,1.98,-280.17,window_close,101262.08
QQQ,2026-03-25,2026-03-25 10:00:00-04:00,2026-03-25 13:20:00-04:00,SHORT,587.0099,591.5665,579.1499,3.93,1.72,220,-305.82,2.2,-308.02,window_close,100138.55
SPY,2026-03-26,2026-03-26 10:15:00-04:00,2026-03-26 12:16:00-04:00,LONG,654.68,650.535,662.48,3.9,1.88,244,-1016.26,2.44,-1018.7,stop_loss,100243.38
QQQ,2026-03-26,2026-03-26 11:31:00-04:00,2026-03-26 14:51:00-04:00,SHORT,580.21,584.608,572.29,3.96,1.8,227,923.89,2.27,921.62,window_close,101060.17
QQQ,2026-03-27,2026-03-27 10:38:00-04:00,2026-03-27 13:58:00-04:00,SHORT,566.1275,571.251,556.8875,4.62,1.8,197,466.4,1.97,464.43,window_close,101524.59
SPY,2026-03-27,2026-03-27 12:37:00-04:00,2026-03-27 15:57:00-04:00,SHORT,638.39,642.8633,630.258,4.066,1.82,224,866.88,2.24,864.64,window_close,101108.02
SPY,2026-03-30,2026-03-30 13:13:00-04:00,2026-03-30 16:33:00-04:00,SHORT,634.62,640.6545,623.24,5.69,1.89,167,557.78,1.67,556.11,window_close,101664.13
SPY,2026-03-31,2026-03-31 10:00:00-04:00,2026-03-31 10:56:00-04:00,LONG,642.75,638.09,651.55,4.4,1.89,218,-1020.24,2.18,-1022.42,stop_loss,100641.71
QQQ,2026-03-31,2026-03-31 10:33:00-04:00,2026-03-31 13:53:00-04:00,LONG,569.06,564.0,578.26,4.6,1.82,200,1032.0,2.0,1030.0,window_close,102554.59
QQQ,2026-04-01,2026-04-01 10:22:00-04:00,2026-04-01 13:42:00-04:00,LONG,584.2392,580.2397,591.4512,3.606,1.8,256,717.0,2.56,714.44,window_close,103269.04
SPY,2026-04-01,2026-04-01 10:49:00-04:00,2026-04-01 14:09:00-04:00,LONG,656.19,652.8475,662.29,3.05,1.82,301,-30.16,3.01,-33.17,window_close,100608.54
QQQ,2026-04-02,2026-04-02 10:06:00-04:00,2026-04-02 13:26:00-04:00,LONG,578.27,571.6445,589.29,5.51,1.66,155,818.4,1.55,816.85,window_close,104085.89
SPY,2026-04-02,2026-04-02 10:06:00-04:00,2026-04-02 13:26:00-04:00,LONG,650.12,644.871,659.68,4.78,1.82,191,863.32,1.91,861.41,window_close,101469.95
SPY,2026-04-06,2026-04-06 10:21:00-04:00,2026-04-06 13:41:00-04:00,LONG,658.885,655.3685,664.945,3.03,1.72,288,-565.92,2.88,-568.8,window_close,100901.15
QQQ,2026-04-06,2026-04-06 13:12:00-04:00,2026-04-06 16:32:00-04:00,SHORT,585.22,589.867,577.34,3.94,1.7,223,-651.16,2.23,-653.39,window_close,103432.5
SPY,2026-04-07,2026-04-07 10:00:00-04:00,2026-04-07 13:20:00-04:00,SHORT,653.8,657.7585,646.66,3.57,1.8,254,-467.36,2.54,-469.9,window_close,100431.25
QQQ,2026-04-07,2026-04-07 10:00:00-04:00,2026-04-07 13:20:00-04:00,SHORT,582.31,587.2805,573.4902,4.4099,1.77,208,-358.8,2.08,-360.88,window_close,103071.62
QQQ,2026-04-08,2026-04-08 10:08:00-04:00,2026-04-08 13:28:00-04:00,SHORT,605.27,610.1245,596.29,4.49,1.85,212,-160.06,2.12,-162.18,window_close,102909.44
SPY,2026-04-08,2026-04-08 10:31:00-04:00,2026-04-08 13:51:00-04:00,SHORT,673.8863,677.2355,667.6663,3.11,1.86,299,-521.37,2.99,-524.36,window_close,99906.89
QQQ,2026-04-09,2026-04-09 10:15:00-04:00,2026-04-09 11:32:00-04:00,SHORT,603.9,606.7975,598.8,2.55,1.76,355,-1035.71,3.55,-1039.26,stop_loss,101870.18
SPY,2026-04-09,2026-04-09 10:16:00-04:00,2026-04-09 11:15:00-04:00,SHORT,674.3975,675.8579,671.6777,1.3599,1.86,684,-1012.59,6.84,-1019.43,stop_loss,98887.46
QQQ,2026-04-10,2026-04-10 10:01:00-04:00,2026-04-10 10:34:00-04:00,SHORT,611.12,613.2035,607.38,1.87,1.8,488,-1026.51,4.88,-1031.39,stop_loss,100838.79
SPY,2026-04-10,2026-04-10 10:01:00-04:00,2026-04-10 11:24:00-04:00,SHORT,680.07,682.018,676.55,1.76,1.81,507,-997.78,5.07,-1002.85,stop_loss,97884.61
QQQ,2026-04-13,2026-04-13 10:00:00-04:00,2026-04-13 13:20:00-04:00,LONG,611.99,607.9295,619.21,3.61,1.78,248,602.66,2.48,600.18,window_close,101438.97
SPY,2026-04-13,2026-04-13 10:00:00-04:00,2026-04-13 13:20:00-04:00,LONG,679.93,676.4225,686.23,3.15,1.8,279,697.5,2.79,694.71,window_close,98579.32
SPY,2026-04-14,2026-04-14 10:06:00-04:00,2026-04-14 13:26:00-04:00,LONG,689.9751,687.5448,694.5851,2.305,1.9,405,1504.58,4.05,1500.53,window_close,100079.85
QQQ,2026-04-14,2026-04-14 10:13:00-04:00,2026-04-14 13:33:00-04:00,LONG,622.84,619.967,628.1598,2.6599,1.85,353,1595.56,3.53,1592.03,window_close,103031.0
QQQ,2026-04-15,2026-04-15 10:02:00-04:00,2026-04-15 12:20:00-04:00,LONG,630.33,628.0965,634.47,2.07,1.85,461,1908.54,4.61,1903.93,target,104934.93
SPY,2026-04-15,2026-04-15 10:22:00-04:00,2026-04-15 13:42:00-04:00,LONG,696.37,694.0925,700.67,2.15,1.89,439,439.0,4.39,434.61,window_close,100514.46
QQQ,2026-04-16,2026-04-16 11:09:00-04:00,2026-04-16 14:29:00-04:00,LONG,639.82,635.0387,648.47,4.325,1.81,219,-490.54,2.19,-492.73,window_close,104442.21
SPY,2026-04-16,2026-04-16 11:11:00-04:00,2026-04-16 14:31:00-04:00,LONG,701.32,698.3915,706.86,2.77,1.89,343,-403.03,3.43,-406.46,window_close,100108.0
QQQ,2026-04-17,2026-04-17 10:00:00-04:00,2026-04-17 13:20:00-04:00,LONG,646.87,643.9405,652.05,2.59,1.77,356,391.64,3.56,388.08,window_close,104830.28
SPY,2026-04-17,2026-04-17 10:00:00-04:00,2026-04-17 13:20:00-04:00,LONG,708.55,705.63,713.75,2.6,1.78,342,653.22,3.42,649.8,window_close,100757.8
QQQ,2026-04-20,2026-04-20 10:40:00-04:00,2026-04-20 14:00:00-04:00,SHORT,646.0,648.894,640.64,2.68,1.85,362,25.34,3.62,21.72,window_close,104852.0
SPY,2026-04-20,2026-04-20 10:41:00-04:00,2026-04-20 14:01:00-04:00,SHORT,708.17,709.994,704.81,1.68,1.84,552,303.6,5.52,298.08,window_close,101055.88
QQQ,2026-04-21,2026-04-21 10:00:00-04:00,2026-04-21 11:01:00-04:00,LONG,649.24,645.8455,655.42,3.09,1.82,308,-1051.67,3.08,-1054.75,stop_loss,103797.25
SPY,2026-04-21,2026-04-21 10:01:00-04:00,2026-04-21 10:57:00-04:00,LONG,710.97,708.6443,715.2,2.115,1.82,434,-1018.03,4.34,-1022.37,stop_loss,100033.51
SPY,2026-04-22,2026-04-22 10:00:00-04:00,2026-04-22 13:20:00-04:00,LONG,709.75,708.1565,712.29,1.27,1.59,627,94.05,6.27,87.78,window_close,100121.29
QQQ,2026-04-22,2026-04-22 10:01:00-04:00,2026-04-22 13:21:00-04:00,LONG,650.53,648.423,654.41,1.94,1.84,492,1660.5,4.92,1655.58,window_close,105452.83
SPY,2026-04-23,2026-04-23 10:52:00-04:00,2026-04-23 13:04:00-04:00,LONG,711.3609,709.1168,715.4909,2.065,1.84,446,-1009.79,4.46,-1014.25,stop_loss,99107.04
QQQ,2026-04-23,2026-04-23 10:57:00-04:00,2026-04-23 13:09:00-04:00,LONG,655.6801,652.1445,662.3001,3.31,1.87,298,-1059.57,2.98,-1062.55,stop_loss,104390.29
QQQ,2026-04-24,2026-04-24 10:12:00-04:00,2026-04-24 13:32:00-04:00,LONG,659.73,656.3719,666.0598,3.1649,1.88,310,872.96,3.1,869.86,window_close,105260.15
SPY,2026-04-24,2026-04-24 10:46:00-04:00,2026-04-24 14:06:00-04:00,LONG,711.34,708.9025,715.64,2.15,1.76,406,828.24,4.06,824.18,window_close,99931.22
SPY,2026-04-27,2026-04-27 11:21:00-04:00,2026-04-27 13:23:00-04:00,SHORT,712.58,714.4998,708.9614,1.8093,1.88,520,-1008.7,5.2,-1013.9,stop_loss,98917.32
QQQ,2026-04-27,2026-04-27 13:33:00-04:00,2026-04-27 16:55:00-04:00,LONG,664.01,660.527,670.53,3.26,1.87,302,-84.56,3.02,-87.58,window_close,105172.57
SPY,2026-04-28,2026-04-28 10:35:00-04:00,2026-04-28 13:55:00-04:00,SHORT,710.59,712.985,706.39,2.1,1.75,413,-169.33,4.13,-173.46,window_close,98743.86
QQQ,2026-04-28,2026-04-28 10:38:00-04:00,2026-04-28 13:58:00-04:00,SHORT,654.96,659.8582,646.23,4.365,1.78,214,-430.33,2.14,-432.47,window_close,104740.09
SPY,2026-04-29,2026-04-29 10:15:00-04:00,2026-04-29 11:54:00-04:00,LONG,711.2,709.5835,714.26,1.53,1.89,610,-998.27,6.1,-1004.37,stop_loss,97739.5
QQQ,2026-04-29,2026-04-29 10:24:00-04:00,2026-04-29 13:44:00-04:00,LONG,659.465,656.4559,664.8252,2.6801,1.78,348,-210.54,3.48,-214.02,window_close,104526.07
SPY,2026-04-30,2026-04-30 10:16:00-04:00,2026-04-30 11:32:00-04:00,SHORT,710.56,714.9275,702.66,3.95,1.81,223,-978.41,2.23,-980.64,stop_loss,96758.86
SPY,2026-05-01,2026-05-01 10:00:00-04:00,2026-05-01 13:20:00-04:00,LONG,724.26,720.565,731.26,3.5,1.89,261,-417.6,2.61,-420.21,window_close,96338.65
QQQ,2026-05-01,2026-05-01 10:01:00-04:00,2026-05-01 13:21:00-04:00,LONG,675.265,668.492,687.585,6.16,1.82,154,-13.09,1.54,-14.63,window_close,104511.44
QQQ,2026-05-04,2026-05-04 10:12:00-04:00,2026-05-04 11:19:00-04:00,LONG,675.83,673.444,680.07,2.12,1.78,438,-1053.83,4.38,-1058.21,stop_loss,103453.24
SPY,2026-05-04,2026-05-04 10:12:00-04:00,2026-05-04 11:19:00-04:00,LONG,721.085,719.1725,724.185,1.55,1.62,503,-972.05,5.03,-977.08,stop_loss,95361.57
SPY,2026-05-05,2026-05-05 10:06:00-04:00,2026-05-05 13:26:00-04:00,LONG,722.8483,721.4248,725.4487,1.3002,1.83,669,603.3,6.69,596.61,window_close,95958.18
QQQ,2026-05-05,2026-05-05 10:25:00-04:00,2026-05-05 13:45:00-04:00,LONG,681.22,677.3395,688.04,3.41,1.76,266,164.92,2.66,162.26,window_close,103615.5
SPY,2026-05-06,2026-05-06 10:00:00-04:00,2026-05-06 13:20:00-04:00,LONG,729.83,727.721,733.79,1.98,1.88,454,799.04,4.54,794.5,window_close,96752.68
QQQ,2026-05-06,2026-05-06 10:40:00-04:00,2026-05-06 14:00:00-04:00,LONG,690.86,686.278,698.94,4.04,1.76,226,433.92,2.26,431.66,window_close,104047.16
QQQ,2026-05-07,2026-05-07 10:04:00-04:00,2026-05-07 12:12:00-04:00,LONG,697.94,695.4245,702.56,2.31,1.84,413,-1047.16,4.13,-1051.29,stop_loss,102995.86
SPY,2026-05-07,2026-05-07 10:39:00-04:00,2026-05-07 12:00:00-04:00,LONG,735.18,733.471,738.34,1.58,1.85,566,-978.61,5.66,-984.27,stop_loss,95768.41
QQQ,2026-05-08,2026-05-08 10:02:00-04:00,2026-05-08 13:22:00-04:00,LONG,705.74,699.203,717.62,5.94,1.82,157,676.67,1.57,675.1,window_close,103670.96
SPY,2026-05-08,2026-05-08 10:02:00-04:00,2026-05-08 13:22:00-04:00,LONG,736.75,734.4655,740.93,2.09,1.83,419,372.91,4.19,368.72,window_close,96137.13
SPY,2026-05-11,2026-05-11 10:15:00-04:00,2026-05-11 13:35:00-04:00,LONG,739.145,736.3155,744.525,2.69,1.9,339,337.31,3.39,333.92,window_close,96471.04
QQQ,2026-05-11,2026-05-11 10:31:00-04:00,2026-05-11 11:50:00-04:00,SHORT,709.25,713.6865,701.79,3.73,1.68,233,-1038.36,2.33,-1040.69,stop_loss,102630.27
SPY,2026-05-12,2026-05-12 10:00:00-04:00,2026-05-12 13:20:00-04:00,SHORT,734.82,737.338,730.1,2.36,1.87,383,204.91,3.83,201.08,window_close,96672.12
QQQ,2026-05-12,2026-05-12 10:03:00-04:00,2026-05-12 13:23:00-04:00,SHORT,705.47,710.405,696.47,4.5,1.82,207,917.22,2.07,915.15,window_close,103545.42
SPY,2026-05-13,2026-05-13 10:28:00-04:00,2026-05-13 13:48:00-04:00,LONG,738.5,735.32,744.5,3.0,1.89,304,1231.2,3.04,1228.16,window_close,97900.28
QQQ,2026-05-13,2026-05-13 10:52:00-04:00,2026-05-13 14:12:00-04:00,LONG,710.09,704.573,720.37,5.14,1.86,187,941.54,1.87,939.67,window_close,104485.09
SPY,2026-05-14,2026-05-14 10:18:00-04:00,2026-05-14 13:38:00-04:00,LONG,746.005,743.4437,750.655,2.325,1.82,382,624.57,3.82,620.75,window_close,98521.03
QQQ,2026-05-14,2026-05-14 10:44:00-04:00,2026-05-14 14:04:00-04:00,LONG,719.7,713.9465,730.64,5.47,1.9,181,-139.37,1.81,-141.18,window_close,104343.91
QQQ,2026-05-15,2026-05-15 10:14:00-04:00,2026-05-15 13:34:00-04:00,LONG,710.68,705.3065,720.42,4.87,1.81,194,649.9,1.94,647.96,window_close,104991.87
SPY,2026-05-15,2026-05-15 10:18:00-04:00,2026-05-15 13:38:00-04:00,LONG,742.0501,737.7585,750.1101,4.03,1.88,229,107.61,2.29,105.32,window_close,98626.35
QQQ,2026-05-18,2026-05-18 10:30:00-04:00,2026-05-18 13:50:00-04:00,SHORT,706.48,712.34,695.68,5.4,1.84,179,558.48,1.79,556.69,window_close,105548.56
SPY,2026-05-18,2026-05-18 10:34:00-04:00,2026-05-18 13:54:00-04:00,SHORT,737.43,741.6078,729.72,3.855,1.85,236,103.84,2.36,101.48,window_close,98727.83
QQQ,2026-05-19,2026-05-19 10:05:00-04:00,2026-05-19 13:15:00-04:00,SHORT,699.47,705.396,688.83,5.32,1.8,178,-1058.39,1.78,-1060.17,stop_loss,104488.39
SPY,2026-05-19,2026-05-19 10:07:00-04:00,2026-05-19 13:03:00-04:00,SHORT,733.07,736.4605,726.65,3.21,1.89,291,-992.46,2.91,-995.37,stop_loss,97732.46
SPY,2026-05-20,2026-05-20 10:12:00-04:00,2026-05-20 10:16:00-04:00,SHORT,734.26,737.378,728.34,2.96,1.9,313,-982.19,3.13,-985.32,stop_loss,96747.14
QQQ,2026-05-20,2026-05-20 10:16:00-04:00,2026-05-20 13:36:00-04:00,LONG,708.63,703.904,716.87,4.12,1.74,221,548.08,2.21,545.87,window_close,105034.26
QQQ,2026-05-21,2026-05-21 10:01:00-04:00,2026-05-21 10:20:00-04:00,LONG,711.36,707.7695,718.18,3.41,1.9,292,-1054.27,2.92,-1057.19,stop_loss,103977.08
SPY,2026-05-21,2026-05-21 10:02:00-04:00,2026-05-21 11:08:00-04:00,LONG,740.3,737.2764,745.8306,2.7653,1.83,319,-970.91,3.19,-974.1,stop_loss,95773.04
QQQ,2026-05-22,2026-05-22 10:06:00-04:00,2026-05-22 13:26:00-04:00,SHORT,717.0589,721.526,709.2189,3.92,1.76,232,-851.7,2.32,-854.02,window_close,103123.06
SPY,2026-05-22,2026-05-22 10:14:00-04:00,2026-05-22 13:28:00-04:00,SHORT,745.56,748.2855,740.54,2.51,1.84,351,-963.67,3.51,-967.18,stop_loss,94805.86
QQQ,2026-05-26,2026-05-26 10:00:00-04:00,2026-05-26 13:20:00-04:00,LONG,728.46,723.946,737.02,4.28,1.9,228,-177.84,2.28,-180.12,window_close,102942.94
SPY,2026-05-26,2026-05-26 10:05:00-04:00,2026-05-26 11:46:00-04:00,LONG,751.1509,749.0315,755.1289,1.989,1.88,447,-956.31,4.47,-960.78,stop_loss,93845.08
QQQ,2026-05-27,2026-05-27 10:25:00-04:00,2026-05-27 13:45:00-04:00,SHORT,726.5399,733.643,713.6199,6.46,1.82,144,-80.65,1.44,-82.09,window_close,102860.85
SPY,2026-05-27,2026-05-27 11:19:00-04:00,2026-05-27 14:39:00-04:00,SHORT,749.18,751.4035,745.04,2.07,1.86,422,-666.76,4.22,-670.98,window_close,93174.1
SPY,2026-05-28,2026-05-28 10:00:00-04:00,2026-05-28 10:13:00-04:00,LONG,750.61,749.1705,752.99,1.19,1.65,647,1539.86,6.47,1533.39,target,94707.49
QQQ,2026-05-28,2026-05-28 10:12:00-04:00,2026-05-28 13:32:00-04:00,LONG,731.6,726.1745,741.02,4.71,1.74,189,754.11,1.89,752.22,window_close,103613.07
QQQ,2026-05-29,2026-05-29 10:00:00-04:00,2026-05-29 10:26:00-04:00,LONG,741.36,737.2405,748.9398,3.7899,1.84,251,-1039.01,2.51,-1041.52,stop_loss,102571.54
SPY,2026-05-29,2026-05-29 10:02:00-04:00,2026-05-29 10:42:00-04:00,LONG,757.915,755.3795,762.735,2.41,1.9,373,-953.2,3.73,-956.93,stop_loss,93750.55
QQQ,2026-06-01,2026-06-01 10:03:00-04:00,2026-06-01 11:20:00-04:00,SHORT,736.06,740.324,728.3,3.88,1.82,240,-1028.16,2.4,-1030.56,stop_loss,101540.98
SPY,2026-06-01,2026-06-01 11:30:00-04:00,2026-06-01 14:50:00-04:00,LONG,757.04,754.586,761.2,2.08,1.7,382,930.17,3.82,926.35,window_close,94676.9
SPY,2026-06-02,2026-06-02 10:04:00-04:00,2026-06-02 11:06:00-04:00,LONG,757.775,756.699,759.815,1.02,1.9,879,1793.16,8.79,1784.37,target,96461.27
QQQ,2026-06-02,2026-06-02 10:04:00-04:00,2026-06-02 13:24:00-04:00,LONG,743.6199,739.0115,752.3599,4.37,1.9,220,217.82,2.2,215.62,window_close,101756.61
SPY,2026-06-03,2026-06-03 12:18:00-04:00,2026-06-03 15:38:00-04:00,SHORT,754.62,759.003,746.5,4.06,1.85,220,-156.2,2.2,-158.4,window_close,96302.87
QQQ,2026-06-04,2026-06-04 10:05:00-04:00,2026-06-04 11:00:00-04:00,SHORT,733.21,738.0225,724.71,4.25,1.77,211,-1019.66,2.11,-1021.77,stop_loss,100734.84
SPY,2026-06-04,2026-06-04 10:22:00-04:00,2026-06-04 13:42:00-04:00,LONG,753.71,751.3585,758.17,2.23,1.9,409,1423.36,4.09,1419.27,window_close,97722.14
SPY,2026-06-05,2026-06-05 10:00:00-04:00,2026-06-05 13:20:00-04:00,SHORT,748.63,753.0275,740.33,4.15,1.89,222,1267.62,2.22,1265.4,window_close,98987.54
QQQ,2026-06-08,2026-06-08 10:36:00-04:00,2026-06-08 13:56:00-04:00,LONG,719.45,713.057,731.17,5.86,1.83,157,-102.05,1.57,-103.62,window_close,100631.22
SPY,2026-06-08,2026-06-08 10:58:00-04:00,2026-06-08 13:03:00-04:00,LONG,744.795,740.6145,752.215,3.71,1.77,236,-991.32,2.36,-993.68,stop_loss,97993.87
QQQ,2026-06-09,2026-06-09 10:10:00-04:00,2026-06-09 10:48:00-04:00,SHORT,718.88,725.9185,708.54,5.17,1.47,142,1468.28,1.42,1466.86,target,102098.08
SPY,2026-06-09,2026-06-09 10:10:00-04:00,2026-06-09 10:48:00-04:00,SHORT,743.13,747.081,735.89,3.62,1.83,248,1795.52,2.48,1793.04,target,99786.91
SPY,2026-06-10,2026-06-10 10:09:00-04:00,2026-06-10 11:11:00-04:00,LONG,737.125,731.226,748.085,5.48,1.86,169,-1000.31,1.69,-1002.0,stop_loss,98784.91
SPY,2026-06-11,2026-06-11 10:55:00-04:00,2026-06-11 13:29:00-04:00,SHORT,726.32,731.8205,715.9,5.21,1.89,179,-988.17,1.79,-989.96,stop_loss,97794.95
QQQ,2026-06-12,2026-06-12 10:06:00-04:00,2026-06-12 13:26:00-04:00,LONG,717.88,710.956,730.84,6.48,1.87,147,790.86,1.47,789.39,window_close,102887.47
SPY,2026-06-12,2026-06-12 10:54:00-04:00,2026-06-12 14:14:00-04:00,LONG,741.68,734.737,753.4,5.86,1.69,140,-93.8,1.4,-95.2,window_close,97699.75
SPY,2026-06-15,2026-06-15 10:56:00-04:00,2026-06-15 14:16:00-04:00,LONG,754.11,751.6435,758.77,2.33,1.89,396,443.52,3.96,439.56,window_close,98139.31
QQQ,2026-06-15,2026-06-15 11:03:00-04:00,2026-06-15 14:23:00-04:00,LONG,742.27,737.149,751.51,4.62,1.8,200,248.02,2.0,246.02,window_close,103133.49
QQQ,2026-06-16,2026-06-16 10:19:00-04:00,2026-06-16 11:45:00-04:00,SHORT,740.56,744.39,733.76,3.4,1.78,269,1829.2,2.69,1826.51,target,104960.0
SPY,2026-06-16,2026-06-16 10:19:00-04:00,2026-06-16 13:39:00-04:00,SHORT,753.98,755.512,751.1,1.44,1.88,640,1465.6,6.4,1459.2,window_close,99598.51
QQQ,2026-06-17,2026-06-17 10:02:00-04:00,2026-06-17 13:22:00-04:00,SHORT,730.695,735.8045,721.315,4.69,1.84,205,-386.42,2.05,-388.47,window_close,104571.52
SPY,2026-06-17,2026-06-17 10:24:00-04:00,2026-06-17 10:40:00-04:00,LONG,752.12,749.7645,755.94,1.91,1.62,422,-1002.46,4.22,-1006.68,stop_loss,98591.83
QQQ,2026-06-18,2026-06-18 10:23:00-04:00,2026-06-18 13:43:00-04:00,LONG,738.11,732.253,748.39,5.14,1.76,178,376.47,1.78,374.69,window_close,104946.21
QQQ,2026-06-22,2026-06-22 10:01:00-04:00,2026-06-22 10:27:00-04:00,LONG,744.73,740.2167,753.26,4.265,1.89,232,-1051.73,2.32,-1054.05,stop_loss,103892.17
SPY,2026-06-22,2026-06-22 10:10:00-04:00,2026-06-22 10:24:00-04:00,LONG,749.95,747.399,754.79,2.42,1.9,386,-992.41,3.86,-996.27,stop_loss,97595.56
SPY,2026-06-23,2026-06-23 10:00:00-04:00,2026-06-23 13:20:00-04:00,LONG,737.53,732.0535,747.39,4.93,1.8,178,-40.94,1.78,-42.72,window_close,97552.84
SPY,2026-06-24,2026-06-24 10:45:00-04:00,2026-06-24 13:16:00-04:00,LONG,737.71,734.13,744.51,3.4,1.9,272,-979.2,2.72,-981.92,stop_loss,96570.92
QQQ,2026-06-24,2026-06-24 10:46:00-04:00,2026-06-24 13:08:00-04:00,LONG,718.51,711.444,731.9498,6.7199,1.9,147,-1041.64,1.47,-1043.11,stop_loss,102849.06
SPY,2026-06-26,2026-06-26 10:00:00-04:00,2026-06-26 13:20:00-04:00,LONG,731.55,726.6375,740.45,4.45,1.81,196,536.06,1.96,534.1,window_close,97105.02
QQQ,2026-06-26,2026-06-26 10:00:00-04:00,2026-06-26 13:20:00-04:00,LONG,710.71,702.468,724.39,6.84,1.66,124,250.37,1.24,249.13,window_close,103098.18
QQQ,2026-06-29,2026-06-29 10:04:00-04:00,2026-06-29 11:59:00-04:00,SHORT,711.65,718.999,698.09,6.78,1.85,140,-1031.66,1.4,-1033.06,stop_loss,102065.12
SPY,2026-06-29,2026-06-29 10:07:00-04:00,2026-06-29 13:14:00-04:00,SHORT,734.9,740.1247,725.71,4.595,1.76,185,-970.27,1.85,-972.12,stop_loss,96132.9
SPY,2026-06-30,2026-06-30 10:02:00-04:00,2026-06-30 13:22:00-04:00,LONG,744.05,740.7365,750.19,3.07,1.85,290,751.07,2.9,748.17,window_close,96881.07
QQQ,2026-07-01,2026-07-01 10:00:00-04:00,2026-07-01 13:20:00-04:00,LONG,730.49,725.284,739.93,4.72,1.81,196,-372.4,1.96,-374.36,window_close,101690.76
SPY,2026-07-01,2026-07-01 10:00:00-04:00,2026-07-01 13:20:00-04:00,LONG,745.47,742.2268,751.4,2.965,1.83,298,807.58,2.98,804.6,window_close,97685.67
QQQ,2026-07-02,2026-07-02 10:01:00-04:00,2026-07-02 10:27:00-04:00,LONG,730.17,723.5645,742.428,6.129,1.86,153,-1013.7,1.53,-1015.23,stop_loss,100675.53
SPY,2026-07-02,2026-07-02 10:42:00-04:00,2026-07-02 14:02:00-04:00,SHORT,747.0,751.4523,738.71,4.145,1.86,219,1405.98,2.19,1403.79,window_close,99089.46
QQQ,2026-07-06,2026-07-06 10:12:00-04:00,2026-07-06 13:32:00-04:00,LONG,724.15,718.173,735.23,5.54,1.85,168,-332.0,1.68,-333.68,window_close,100341.85
SPY,2026-07-06,2026-07-06 10:23:00-04:00,2026-07-06 13:43:00-04:00,LONG,749.77,747.3035,754.03,2.13,1.73,401,56.14,4.01,52.13,window_close,99141.59
SPY,2026-07-07,2026-07-07 10:10:00-04:00,2026-07-07 13:30:00-04:00,SHORT,747.92,751.0955,742.5,2.71,1.71,312,-361.92,3.12,-365.04,window_close,98776.55
QQQ,2026-07-07,2026-07-07 10:10:00-04:00,2026-07-07 13:30:00-04:00,SHORT,709.87,716.669,697.11,6.38,1.88,147,-483.63,1.47,-485.1,window_close,99856.75
SPY,2026-07-08,2026-07-08 10:36:00-04:00,2026-07-08 13:20:00-04:00,SHORT,742.48,745.0392,737.91,2.285,1.79,385,-992.99,3.85,-996.84,stop_loss,97779.71
QQQ,2026-07-08,2026-07-08 10:47:00-04:00,2026-07-08 13:23:00-04:00,SHORT,704.54,710.043,694.82,4.86,1.77,181,-999.66,1.81,-1001.47,stop_loss,98855.28
QQQ,2026-07-09,2026-07-09 10:20:00-04:00,2026-07-09 13:07:00-04:00,SHORT,715.8,723.0625,703.3,6.25,1.72,136,-990.42,1.36,-991.78,stop_loss,97863.5
SPY,2026-07-09,2026-07-09 11:06:00-04:00,2026-07-09 14:26:00-04:00,LONG,749.39,745.5025,756.49,3.55,1.83,251,484.43,2.51,481.92,window_close,98261.63
SPY,2026-07-10,2026-07-10 10:02:00-04:00,2026-07-10 10:32:00-04:00,LONG,753.31,751.7283,756.18,1.435,1.81,621,-994.66,6.21,-1000.87,stop_loss,97260.76
QQQ,2026-07-10,2026-07-10 10:32:00-04:00,2026-07-10 11:30:00-04:00,SHORT,719.13,724.303,710.61,4.26,1.65,189,-981.48,1.89,-983.37,stop_loss,96880.13
SPY,2026-07-13,2026-07-13 10:16:00-04:00,2026-07-13 13:36:00-04:00,SHORT,751.41,754.0095,747.43,1.99,1.53,374,620.84,3.74,617.1,window_close,97877.86
QQQ,2026-07-13,2026-07-13 11:00:00-04:00,2026-07-13 12:34:00-04:00,LONG,718.52,712.886,729.08,5.28,1.87,171,-966.83,1.71,-968.54,stop_loss,95911.59
QQQ,2026-07-14,2026-07-14 10:05:00-04:00,2026-07-14 10:34:00-04:00,SHORT,716.795,720.4443,710.463,3.166,1.74,262,-961.36,2.62,-963.98,stop_loss,94947.61
SPY,2026-07-14,2026-07-14 10:16:00-04:00,2026-07-14 10:34:00-04:00,SHORT,749.19,751.9075,744.49,2.35,1.73,360,-985.5,3.6,-989.1,stop_loss,96888.76
QQQ,2026-07-15,2026-07-15 10:22:00-04:00,2026-07-15 13:42:00-04:00,SHORT,718.86,724.6315,708.0,5.43,1.88,164,518.24,1.64,516.6,window_close,95464.21
SPY,2026-07-15,2026-07-15 10:42:00-04:00,2026-07-15 14:02:00-04:00,SHORT,752.93,755.7,748.13,2.4,1.73,349,-537.46,3.49,-540.95,window_close,96347.81
SPY,2026-07-16,2026-07-16 10:16:00-04:00,2026-07-16 13:36:00-04:00,LONG,753.65,750.5275,759.35,2.85,1.83,308,-486.64,3.08,-489.72,window_close,95858.09
QQQ,2026-07-16,2026-07-16 13:40:00-04:00,2026-07-16 17:00:00-04:00,SHORT,706.8,713.929,693.602,6.599,1.85,133,207.48,1.33,206.15,window_close,95670.36
SPY,2026-07-17,2026-07-17 10:00:00-04:00,2026-07-17 13:20:00-04:00,LONG,745.6,740.5985,753.66,4.03,1.61,191,101.42,1.91,99.51,window_close,95957.6
QQQ,2026-07-17,2026-07-17 10:00:00-04:00,2026-07-17 13:20:00-04:00,LONG,694.76,686.421,708.32,6.78,1.63,114,699.96,1.14,698.82,window_close,96369.18
SPY,2026-07-20,2026-07-20 10:08:00-04:00,2026-07-20 13:28:00-04:00,SHORT,745.38,748.8905,738.96,3.21,1.83,273,365.82,2.73,363.09,window_close,96320.69
QQQ,2026-07-20,2026-07-20 10:10:00-04:00,2026-07-20 13:30:00-04:00,SHORT,700.27,706.057,689.99,5.14,1.78,166,21.58,1.66,19.92,window_close,96389.1
QQQ,2026-07-21,2026-07-21 10:09:00-04:00,2026-07-21 10:45:00-04:00,SHORT,703.21,707.3115,695.95,3.63,1.77,235,-968.55,2.35,-970.9,stop_loss,95418.2
SPY,2026-07-21,2026-07-21 10:27:00-04:00,2026-07-21 13:47:00-04:00,LONG,746.74,744.0545,751.76,2.51,1.87,358,687.36,3.58,683.78,window_close,97004.47
SPY,2026-07-22,2026-07-22 10:00:00-04:00,2026-07-22 13:20:00-04:00,LONG,748.85,746.2492,753.68,2.415,1.86,372,115.32,3.72,111.6,window_close,97116.07
QQQ,2026-07-22,2026-07-22 10:00:00-04:00,2026-07-22 13:20:00-04:00,LONG,708.15,703.333,717.23,4.54,1.88,198,104.94,1.98,102.96,window_close,95521.16
QQQ,2026-07-23,2026-07-23 10:33:00-04:00,2026-07-23 13:53:00-04:00,SHORT,693.03,698.9325,682.13,5.45,1.85,161,162.61,1.61,161.0,window_close,95682.16
SPY,2026-07-23,2026-07-23 10:51:00-04:00,2026-07-23 14:11:00-04:00,SHORT,738.06,742.7645,729.88,4.09,1.74,206,195.7,2.06,193.64,window_close,97309.71
SPY,2026-07-24,2026-07-24 10:57:00-04:00,2026-07-24 14:17:00-04:00,LONG,740.04,737.3075,744.94,2.45,1.79,356,156.64,3.56,153.08,window_close,97462.79
SPY,2026-07-27,2026-07-27 10:01:00-04:00,2026-07-27 11:27:00-04:00,SHORT,741.43,745.7265,733.57,3.93,1.83,226,736.76,2.26,734.5,window_close,98197.29
QQQ,2026-07-27,2026-07-27 10:01:00-04:00,2026-07-27 11:27:00-04:00,SHORT,685.015,692.6314,671.7604,6.6273,1.74,125,754.37,1.25,753.12,window_close,96435.28
